Standard Approx Date;WBM;TAZ;Vocaloid;Homestuck;WBM;Hamilton;Date;Dan & Phil;Phandom;Wrestling;Rooster Teeth;Youtube RPF;WTNV;Les Mis;Date;Hermitcraft;DSMP;Hololive
;;;;;;;;;;;;;;;;;;
;;;;;;;;;;;;;;;;;;
;;;;;;;;;;;;;;;;;;
;;;;;;;;;;;;;;;;;;
;;;;;;;;;;;;;;;;;;
;;;;;;;;;;;;;;;;;;
;;;;;;;;;;;;;;;;;;
;;;;;;;;;;;;;;;;;;
;;;;;;;;;;;;;;;;;;
;;;;;;;;;;;;;;;;;;
;;;;;;;;;;;;;;;;;;
;;;;;;;;;;;;;;;;;;
;;;;;;;;;;;;;;;;;;
;;;;;;;;;;;;;;;;;;
;;;;;;;;;;;;;;;;;;
;;;;;;;;;;;;;;;;;;
;;;;;;;;;;;;;;;;;;
;;;;;;;;;;;;;;;;;;
;;;;;;;;;;;;;;;;;;
;;;;;;;;;;;;;;;;;;
;;;;;;;;;;;;;;;;;;
;;;;;;;;;;;;;;;;;;
;;;;;;;;;;;;;;;;;;
;;;;;;;;;;;;;;;;;;
;;;;;;;;;;;;;;;;;;
;;;;;;;;;;;;;;;;;;
Feb 24, 09;;;;;;;;;;;;;;;;;;
Oct 15, 09;;;;;;;;;;;;;;;;;;
Dec 12, 09;;;;;;;;;;;;;;;;;;
Mar 28, 10;;;;;;;;;;;;;;;;;;
Jun 11, 10;;;;;;;;;;;;;;;;;;
Sep 22, 10;;;;;;;;;;;;;;;;;;
Oct 25, 10;;;;;;;;;;;;;;;;;;
Dec 10, 10;;;;;;;;;;;;;;;;;;
Jun 30, 11;;;;;;;;;;;;;;;;;;
Aug 13, 11;;;;;;;;;;;;;;;;;;
Sep 23, 11;;;;;;;;;;;;;;;;;;
Oct 25, 11;;;;;;;;;;;;;;;;;;
Jan 12, 12;;;;;;;;;;;;;;;;;;
May 1, 12;;;;;;;;;;;;;;;;;;
May 20, 12;;;;;;;;;;;;;;;;;;
Jun 4, 12;;;;;;;;;;;;;;;;;;
Jul 16, 12;;;;;;;;;;;;;;;;;;
Oct 23, 12;;;;;;;;;;;;;;;;;;
Jan 7, 13;;;;;;;;;;;;;;;;;;
Apr 4, 13;;;;;;;;;;;;;;;;;;
Jun 25, 13;;;;;;;;;;;;;;;;;;
Oct 10, 13;;;;;;;;;;;;;;;;;;
Dec 1, 13;;;;;;;;;;;;;;;;;;
Jan 22, 14;;;;;;;;;;;;;;;;;;
Apr 4, 14;;;;;;;;;;;;;;;;;;
Jul 4, 14;;;;;;;;;;;;;;;;;;
Oct 4, 14;;;;;;;;;;;;;;;;;;
Jan 16, 15;;;;;;;;;;;;;;;;;;
May 20, 15;;;;;;;;;;;;;;;;;;
Jun 23, 15;;;;;;;;;;;;;;;;;;
Aug 13, 15;;;;;;;;;;;;;;;;;;
Oct 7, 15;;;;;;;;;;;;;;;;;;
Jan 6, 16;;;;;;;;;;;;;;;;;;
Apr 6, 16;;;;;;;;;;;;;;;;;;
Jul 6, 16;;;;;;;;;;;;;;;;;;
Sep 27, 16;;;;;;;;;;;;;;;;;;
Jan 7, 17;;;;;;;;;;;;;;;;;;
Apr 3, 17;;;;;;;;;;;;;;;;;;
Jul 4, 17;;;;;;;;;;;;;;;;;;
Oct 10, 17;;;;;;;;;;;;;;;;;;
Jan 5, 18;;;;;;;;;;;;;;;;;;
Apr 4, 18;;;;;;;;;;;;;;;;;;
Jul 17, 18;;;;;;;;;;;;;;;;;;
Sep 30, 18;;;;;;;;;;;;;;;;;;
Nov 1, 18;;;;;;;;;;;;;;;;;;
Jan 4, 19;;;;;;;;;;;;;;;;;;
Apr 1, 19;;;;;;;;;;;;;;;;;;
Jul 1, 19;;;;;;;;;;;;;;;;;;
Oct 3, 19;;;;;;;;;;;;;;;;;;
Jan 1, 20;;;;;;;;;;;;;;;;;;
Apr 1, 20;;;;;;;;;;;;;;;;;;
Jul 1, 20;;;;;;;;;;;;;;;;;;
Oct 1, 20;;;;;;;;;;;;;;;;;;
Jan 1, 21;;;;;;;;;;;;;;;;;;
Apr 1, 21;;;;;;;;;;;;;;;;;;
Jul 1, 21;;;;;;;;;;;;;;;;;;
Oct 1, 21;;;;;;;;;;;;;;;;;;
Jan 1, 22;;;;;;;;;;;;;;;;;;
Apr 1, 22;;;;;;;;;;;;;;;;;;
Jul 1, 22;;;;;;;;;;;;;;;;;;
Aug 2, 22;;;;;;;;;;;;;;;;;;
Sep 20, 22;;;;;;;;;;;;;;;;;;
Oct 23, 22;;;;;;;;;;;;;;;;;;
Jan 1, 23;;;;;;;;;;;;;;;;;;
Mar 3, 23;;;;;;;;;;;;;;;;;;
Apr 3, 23;;;;;;;;;;;;;;;;;;
Jun 30, 23;;;;;;;;;;;;;;;;;;
Oct 1, 23;;;;;;;;;;;;;;;;;;
Jan 1, 24;01/01/24;3;0;28;;4;;;0;68;0;3;13;8;;24;7;
Apr 1, 24;;;;;;;;;;;;;;;;;;
Jun 30, 24;;;;;;;;;;;;;;;;;;
Oct 1, 24;;15;7;32;;4;;;0;68;0;3;16;9;;40;13;2
Jan 1, 25;;15;7;33;;4;;;0;79;0;7;20;9;;45;13;29
Apr 1, 25;;15;11;36;;4;;;0;80;0;3;20;9;;57;16;29
Jul 1, 25;;15;19;42;;4;;;0;81;0;8;20;9;;47;16;29
Oct 3, 25;;15;21;42;;4;;;0;92;0;8;20;9;;47;16;29
Jan 1, 26;;15;26;47;;4;;;0;99;5;8;20;9;;69;16;29
Dec 30, 99;;;;;;;;;;;;;;;;;;
Dec 30, 99;;;;;;;;;;;;;;;;;;
Dec 30, 99;;;;;;;;;;;;;;;;;;
Dec 30, 99;;;;;;;;;;;;;;;;;;
